[{"msg":"Chào mừng bạn đến với lifeTek hãy đặt câu hỏi cho chúng tôi nhân viên sẽ trả lời bạn trong ít phút","seenUser":true,"is":"admin","atDate":1680509993571,"email":"cuongnovember2003@gmail.com"},{"seenUser":false,"atDate":1680711244509,"email":"cuongnovember2003@gmail.com"},{"seenUser":false,"atDate":1680711261124,"email":"cuongnovember2003@gmail.com"},{"seenUser":false,"atDate":1680711264500,"email":"cuongnovember2003@gmail.com"},{"seenUser":false,"atDate":1680711276924,"email":"cuongnovember2003@gmail.com"},{"msg":"Hi","seenUser":false,"is":"user","atDate":1680711375756,"email":"cuongnovember2003@gmail.com"},{"msg":"Hi","seenUser":true,"is":"admin","atDate":1680711378628,"email":"cuongnovember2003@gmail.com"},{"msg":"Hi","seenUser":false,"is":"user","atDate":1680711387148,"email":"cuongnovember2003@gmail.com"},{"msg":"hi","seenUser":true,"is":"admin","atDate":1680711390300,"email":"cuongnovember2003@gmail.com"},{"msg":"hi","seenUser":false,"is":"user","atDate":1680711403363,"email":"cuongnovember2003@gmail.com"},{"msg":"hi","seenUser":false,"is":"user","atDate":1680711404635,"email":"cuongnovember2003@gmail.com"},{"msg":"hi","seenUser":false,"is":"user","atDate":1680711404803,"email":"cuongnovember2003@gmail.com"},{"msg":"hi","seenUser":false,"is":"user","atDate":1680711404923,"email":"cuongnovember2003@gmail.com"},{"msg":"hi","seenUser":false,"is":"user","atDate":1680711405075,"email":"cuongnovember2003@gmail.com"},{"msg":"hi","seenUser":false,"is":"user","atDate":1680711405219,"email":"cuongnovember2003@gmail.com"},{"msg":"hi","seenUser":false,"is":"user","atDate":1680711405403,"email":"cuongnovember2003@gmail.com"},{"msg":"hi","seenUser":false,"is":"user","atDate":1680711405675,"email":"cuongnovember2003@gmail.com"},{"msg":"hi","seenUser":false,"is":"user","atDate":1680711405859,"email":"cuongnovember2003@gmail.com"},{"msg":"hi","seenUser":false,"is":"user","atDate":1680711406339,"email":"cuongnovember2003@gmail.com"},{"msg":"hi","seenUser":false,"is":"user","atDate":1680711406035,"email":"cuongnovember2003@gmail.com"},{"msg":"hi","seenUser":false,"is":"user","atDate":1680711406483,"email":"cuongnovember2003@gmail.com"},{"msg":"d","seenUser":false,"is":"user","atDate":1680711566163,"email":"cuongnovember2003@gmail.com"},{"msg":"d","seenUser":false,"is":"user","atDate":1680711566754,"email":"cuongnovember2003@gmail.com"},{"msg":"d","seenUser":false,"is":"user","atDate":1680711566931,"email":"cuongnovember2003@gmail.com"},{"msg":"d","seenUser":false,"is":"user","atDate":1680711567114,"email":"cuongnovember2003@gmail.com"},{"msg":"ddd","seenUser":true,"is":"admin","atDate":1680711570395,"email":"cuongnovember2003@gmail.com"},{"msg":"ddd","seenUser":true,"is":"admin","atDate":1680711570851,"email":"cuongnovember2003@gmail.com"},{"msg":"ddd","seenUser":true,"is":"admin","atDate":1680711573563,"email":"cuongnovember2003@gmail.com"},{"msg":"ddd","seenUser":true,"is":"admin","atDate":1680711574243,"email":"cuongnovember2003@gmail.com"},{"msg":"d","seenUser":false,"is":"user","atDate":1680711579451,"email":"cuongnovember2003@gmail.com"},{"msg":"d","seenUser":false,"is":"user","atDate":1680711580883,"email":"cuongnovember2003@gmail.com"},{"msg":"d","seenUser":false,"is":"user","atDate":1680711581875,"email":"cuongnovember2003@gmail.com"},{"msg":"Hi","seenUser":false,"is":"user","atDate":1680711593875,"email":"cuongnovember2003@gmail.com"},{"msg":"dasd","seenUser":false,"is":"user","atDate":1680711604931,"email":"cuongnovember2003@gmail.com"},{"msg":"dasd","seenUser":false,"is":"user","atDate":1680711605323,"email":"cuongnovember2003@gmail.com"},{"msg":"dasd","seenUser":false,"is":"user","atDate":1680711605475,"email":"cuongnovember2003@gmail.com"},{"msg":"d","seenUser":false,"is":"user","atDate":1680711610596,"email":"cuongnovember2003@gmail.com"},{"msg":"d","seenUser":false,"is":"user","atDate":1680711611748,"email":"cuongnovember2003@gmail.com"},{"msg":"d","seenUser":false,"is":"user","atDate":1680711612171,"email":"cuongnovember2003@gmail.com"},{"msg":"a","seenUser":false,"is":"user","atDate":1680711644596,"email":"cuongnovember2003@gmail.com"},{"msg":"sds","seenUser":true,"is":"admin","atDate":1680711693859,"email":"cuongnovember2003@gmail.com"},{"msg":"s","seenUser":true,"is":"admin","atDate":1680711712803,"email":"cuongnovember2003@gmail.com"},{"msg":"dasdas","seenUser":true,"is":"admin","atDate":1680711765659,"email":"cuongnovember2003@gmail.com"},{"msg":"s","seenUser":false,"is":"user","atDate":1680711812299,"email":"cuongnovember2003@gmail.com"},{"msg":"s","seenUser":false,"is":"user","atDate":1680711813275,"email":"cuongnovember2003@gmail.com"},{"msg":"s","seenUser":false,"is":"user","atDate":1680711814042,"email":"cuongnovember2003@gmail.com"},{"msg":"s","seenUser":false,"is":"user","atDate":1680711814378,"email":"cuongnovember2003@gmail.com"},{"msg":"s","seenUser":false,"is":"user","atDate":1680711814210,"email":"cuongnovember2003@gmail.com"},{"msg":"s","seenUser":false,"is":"user","atDate":1680711814546,"email":"cuongnovember2003@gmail.com"},{"msg":"dasd","seenUser":false,"is":"user","atDate":1680714808384,"email":"cuongnovember2003@gmail.com"},{"msg":"vasvfasdf","seenUser":false,"is":"user","atDate":1680714809992,"email":"cuongnovember2003@gmail.com"},{"msg":"fff","seenUser":false,"is":"user","atDate":1680714814240,"email":"cuongnovember2003@gmail.com"}]